transaction_id,date,client_id,montant,type_transaction,pays,statut_fraude
T000001,2023-04-13,C0003,44.51,virement,DE,0
T000002,2023-12-15,C0161,228.03,achat_en_ligne,FR,0
T000003,2023-09-28,C0134,14.99,retrait,FR,0
T000004,2023-04-17,C0178,6.23,paiement,BR,0
T000005,2023-03-13,C0010,59.6,virement,FR,0
T000006,2023-07-08,C0005,124.21,virement,DE,1
T000007,2023-01-21,C0151,405.4,achat_en_ligne,CN,0
T000008,2023-04-13,C0138,259.78,achat_en_ligne,CN,0
T000009,2023-05-02,C0172,271.51,achat_en_ligne,BR,0
T000010,2023-08-03,C0130,110.85,paiement,IN,1
T000011,2023-11-27,C0013,84.91,paiement,DE,0
T000012,2023-03-29,C0168,92.74,achat_en_ligne,DE,0
T000013,2023-04-10,C0130,878.81,retrait,FR,0
T000014,2023-12-26,C0084,8.19,virement,DE,0
T000015,2023-06-01,C0065,403.53,virement,US,0
T000016,2023-05-11,C0063,172.87,paiement,IN,1
T000017,2023-05-30,C0101,115.47,virement,FR,0
T000018,2023-11-05,C0073,258.38,retrait,US,0
T000019,2023-09-15,C0017,133.37,virement,BR,0
T000020,2023-12-10,C0009,413.38,paiement,CN,0
T000021,2023-10-21,C0143,461.93,paiement,BR,0
T000022,2023-07-11,C0152,109.54,retrait,CN,0
T000023,2023-10-04,C0038,64.82,retrait,BR,0
T000024,2023-06-10,C0163,179.47,virement,DE,0
T000025,2023-11-10,C0094,486.91,virement,US,0
T000026,2023-01-22,C0095,47.31,paiement,CN,0
T000027,2023-09-10,C0049,195.08,retrait,FR,0
T000028,2023-08-24,C0069,199.7,retrait,US,0
T000029,2023-12-11,C0062,264.19,retrait,FR,0
T000030,2023-02-18,C0188,28.21,virement,US,1
T000031,2023-02-28,C0178,251.63,retrait,US,0
T000032,2023-06-19,C0078,479.45,paiement,BR,1
T000033,2023-07-07,C0117,39.61,paiement,CN,0
T000034,2023-09-28,C0120,54.24,virement,CN,0
T000035,2023-07-09,C0137,710.84,achat_en_ligne,US,0
T000036,2023-06-24,C0162,39.93,virement,DE,0
T000037,2023-02-20,C0076,385.36,achat_en_ligne,DE,0
T000038,2023-12-30,C0035,135.56,retrait,FR,0
T000039,2023-02-24,C0001,56.8,virement,FR,0
T000040,2023-09-01,C0040,409.2,paiement,BR,0
T000041,2023-11-16,C0064,117.87,retrait,US,0
T000042,2023-05-11,C0150,144.65,paiement,FR,0
T000043,2023-11-03,C0060,89.02,retrait,FR,0
T000044,2023-05-15,C0064,179.76,virement,IN,0
T000045,2023-01-21,C0093,35.71,achat_en_ligne,US,0
T000046,2023-11-25,C0072,99.21,retrait,BR,0
T000047,2023-06-16,C0011,697.43,achat_en_ligne,FR,0
T000048,2023-10-01,C0105,59.72,retrait,BR,0
T000049,2023-03-30,C0014,213.85,paiement,CN,0
T000050,2023-11-12,C0060,78.66,paiement,BR,0
T000051,2023-01-14,C0030,296.98,retrait,DE,0
T000052,2023-08-30,C0035,28.05,achat_en_ligne,DE,0
T000053,2023-09-22,C0165,700.12,virement,BR,0
T000054,2023-12-12,C0005,120.95,virement,DE,0
T000055,2023-02-22,C0083,53.85,paiement,CN,0
T000056,2023-12-06,C0123,15.27,virement,US,0
T000057,2023-04-02,C0078,37.21,paiement,DE,0
T000058,2023-09-21,C0154,146.7,virement,DE,0
T000059,2023-02-04,C0062,82.2,retrait,BR,0
T000060,2023-07-25,C0132,353.08,paiement,CN,0
T000061,2023-03-22,C0089,112.74,paiement,US,0
T000062,2023-02-19,C0042,57.19,retrait,BR,0
T000063,2023-12-26,C0089,192.02,paiement,BR,0
T000064,2023-01-02,C0146,245.36,virement,IN,0
T000065,2023-02-23,C0040,36.55,virement,CN,0
T000066,2023-04-16,C0072,36.69,paiement,US,0
T000067,2023-09-17,C0039,7.47,virement,CN,0
T000068,2023-11-06,C0104,266.67,achat_en_ligne,US,0
T000069,2023-07-10,C0014,218.01,paiement,CN,0
T000070,2023-08-06,C0032,128.73,retrait,BR,0
T000071,2023-02-13,C0179,371.8,achat_en_ligne,BR,0
T000072,2023-06-11,C0125,327.64,paiement,FR,0
T000073,2023-07-21,C0166,176.07,retrait,DE,0
T000074,2023-09-27,C0097,405.4,virement,IN,0
T000075,2023-12-17,C0023,46.09,retrait,CN,0
T000076,2023-10-31,C0063,23.74,achat_en_ligne,IN,0
T000077,2023-09-28,C0143,62.87,virement,FR,1
T000078,2023-08-03,C0153,11.76,paiement,DE,0
T000079,2023-09-09,C0145,151.5,virement,CN,0
T000080,2023-07-09,C0194,551.68,paiement,US,0
T000081,2023-10-23,C0053,8.03,paiement,DE,0
T000082,2023-08-01,C0104,26.05,retrait,BR,0
T000083,2023-07-27,C0104,120.37,retrait,FR,0
T000084,2023-08-25,C0179,543.24,retrait,DE,0
T000085,2023-12-04,C0039,76.01,achat_en_ligne,DE,0
T000086,2023-02-22,C0179,141.54,achat_en_ligne,BR,0
T000087,2023-10-07,C0198,8.49,retrait,CN,0
T000088,2023-08-05,C0134,32.11,achat_en_ligne,US,0
T000089,2023-09-09,C0067,862.95,virement,BR,0
T000090,2023-07-07,C0135,671.16,virement,US,0
T000091,2023-02-10,C0179,0.99,achat_en_ligne,CN,0
T000092,2023-06-06,C0200,606.53,achat_en_ligne,DE,0
T000093,2023-01-15,C0042,203.84,virement,US,0
T000094,2023-10-28,C0192,404.87,paiement,FR,1
T000095,2023-03-06,C0015,121.3,virement,FR,0
T000096,2023-12-11,C0111,144.97,virement,BR,0
T000097,2023-11-23,C0157,134.22,achat_en_ligne,CN,0
T000098,2023-01-09,C0033,219.84,virement,BR,0
T000099,2023-12-10,C0155,30.08,achat_en_ligne,BR,0
T000100,2023-05-09,C0164,6.09,achat_en_ligne,IN,0
T000101,2023-05-16,C0157,73.61,retrait,BR,0
T000102,2023-03-04,C0038,243.94,virement,IN,0
T000103,2023-05-19,C0185,45.09,paiement,FR,0
T000104,2023-03-22,C0097,223.82,retrait,FR,0
T000105,2023-06-12,C0155,700.73,achat_en_ligne,BR,0
T000106,2023-10-16,C0183,19.72,achat_en_ligne,FR,0
T000107,2023-09-18,C0033,223.32,paiement,CN,0
T000108,2023-08-19,C0196,117.31,achat_en_ligne,IN,0
T000109,2023-02-10,C0086,405.21,virement,IN,0
T000110,2023-01-28,C0066,39.0,retrait,BR,0
T000111,2023-05-15,C0010,235.94,achat_en_ligne,FR,0
T000112,2023-07-20,C0005,364.17,achat_en_ligne,US,0
T000113,2023-11-24,C0123,578.69,paiement,IN,1
T000114,2023-09-25,C0074,229.93,virement,BR,0
T000115,2023-02-02,C0097,137.5,achat_en_ligne,BR,0
T000116,2023-02-17,C0118,192.39,paiement,CN,0
T000117,2023-03-03,C0038,406.37,achat_en_ligne,DE,0
T000118,2023-08-04,C0141,169.08,paiement,DE,0
T000119,2023-10-20,C0159,6.17,paiement,IN,0
T000120,2023-04-09,C0047,534.58,virement,CN,0
T000121,2023-06-21,C0109,233.93,achat_en_ligne,CN,0
T000122,2023-12-26,C0180,225.72,virement,CN,0
T000123,2023-08-02,C0184,48.59,paiement,IN,0
T000124,2023-02-04,C0015,215.11,retrait,DE,0
T000125,2023-08-15,C0157,100.13,achat_en_ligne,CN,0
T000126,2023-04-11,C0136,210.67,retrait,FR,0
T000127,2023-05-11,C0005,22.54,achat_en_ligne,BR,0
T000128,2023-09-14,C0157,214.5,virement,BR,0
T000129,2023-01-05,C0047,1488.34,virement,US,0
T000130,2023-08-06,C0068,9.88,virement,US,0
T000131,2023-09-12,C0076,755.97,virement,IN,0
T000132,2023-12-25,C0173,104.48,virement,IN,0
T000133,2023-10-10,C0130,409.21,retrait,BR,0
T000134,2023-07-26,C0155,305.01,virement,FR,0
T000135,2023-01-15,C0095,167.41,paiement,DE,0
T000136,2023-12-12,C0115,268.23,paiement,DE,0
T000137,2023-02-11,C0164,421.59,retrait,IN,0
T000138,2023-06-28,C0036,103.55,achat_en_ligne,FR,0
T000139,2023-03-04,C0026,79.21,paiement,IN,0
T000140,2023-12-18,C0043,220.28,achat_en_ligne,DE,0
T000141,2023-08-19,C0027,329.89,retrait,IN,0
T000142,2023-08-29,C0069,287.34,achat_en_ligne,CN,0
T000143,2023-02-21,C0148,319.71,achat_en_ligne,IN,0
T000144,2023-04-06,C0011,114.39,achat_en_ligne,BR,0
T000145,2023-08-10,C0074,340.57,achat_en_ligne,IN,0
T000146,2023-08-19,C0104,25.61,retrait,BR,0
T000147,2023-08-25,C0038,157.27,paiement,FR,0
T000148,2023-05-23,C0134,1.16,virement,DE,0
T000149,2023-06-20,C0200,78.49,achat_en_ligne,US,0
T000150,2023-01-29,C0023,91.29,paiement,US,0
T000151,2023-02-05,C0047,100.89,paiement,DE,0
T000152,2023-01-13,C0090,237.8,retrait,US,0
T000153,2023-06-09,C0046,98.39,paiement,IN,1
T000154,2023-11-23,C0107,119.09,retrait,FR,0
T000155,2023-07-06,C0140,54.24,achat_en_ligne,FR,0
T000156,2023-08-31,C0141,93.44,achat_en_ligne,DE,0
T000157,2023-03-27,C0104,51.57,virement,US,0
T000158,2023-10-11,C0190,15.2,virement,IN,0
T000159,2023-03-07,C0111,184.99,virement,FR,0
T000160,2023-06-19,C0104,220.65,paiement,FR,0
T000161,2023-02-14,C0060,193.25,achat_en_ligne,CN,0
T000162,2023-03-03,C0171,124.54,retrait,CN,0
T000163,2023-05-14,C0100,95.54,virement,FR,0
T000164,2023-10-11,C0068,398.04,retrait,DE,0
T000165,2023-01-28,C0133,146.41,retrait,BR,0
T000166,2023-04-18,C0120,130.47,virement,BR,0
T000167,2023-02-13,C0037,5.2,achat_en_ligne,IN,0
T000168,2023-12-06,C0072,83.48,virement,FR,0
T000169,2023-10-13,C0127,95.67,retrait,FR,0
T000170,2023-11-27,C0106,101.77,virement,FR,0
T000171,2023-05-08,C0092,173.58,retrait,DE,0
T000172,2023-12-14,C0031,152.54,retrait,CN,0
T000173,2023-08-19,C0122,187.25,virement,FR,0
T000174,2023-07-09,C0137,289.53,paiement,FR,0
T000175,2023-08-13,C0051,335.31,virement,US,0
T000176,2023-10-10,C0029,253.26,paiement,DE,0
T000177,2023-05-01,C0040,622.56,retrait,IN,0
T000178,2023-04-26,C0041,3.68,retrait,FR,0
T000179,2023-08-21,C0011,43.58,paiement,US,0
T000180,2023-09-16,C0151,1.52,retrait,BR,0
T000181,2023-12-25,C0001,208.53,paiement,IN,0
T000182,2023-07-17,C0046,456.62,paiement,FR,0
T000183,2023-05-17,C0101,55.81,retrait,FR,0
T000184,2023-11-14,C0149,523.55,achat_en_ligne,US,0
T000185,2023-06-14,C0090,12.43,paiement,DE,0
T000186,2023-08-13,C0110,544.95,virement,FR,0
T000187,2023-11-03,C0164,86.66,virement,BR,0
T000188,2023-08-22,C0182,21.39,retrait,FR,0
T000189,2023-06-21,C0057,133.06,achat_en_ligne,BR,0
T000190,2023-06-01,C0001,59.35,retrait,IN,0
T000191,2023-11-11,C0063,67.06,achat_en_ligne,IN,0
T000192,2023-06-09,C0182,73.43,paiement,CN,0
T000193,2023-04-06,C0055,324.94,paiement,CN,0
T000194,2023-08-21,C0115,154.94,paiement,BR,0
T000195,2023-06-29,C0168,74.59,paiement,DE,0
T000196,2023-04-23,C0143,188.49,virement,FR,0
T000197,2023-11-14,C0149,251.86,virement,FR,0
T000198,2023-02-21,C0175,63.66,retrait,CN,0
T000199,2023-09-25,C0053,106.73,achat_en_ligne,BR,0
T000200,2023-10-22,C0137,26.0,paiement,FR,1
T000201,2023-04-23,C0180,39.97,paiement,FR,0
T000202,2023-04-11,C0057,228.59,achat_en_ligne,DE,0
T000203,2023-04-23,C0117,40.04,achat_en_ligne,US,0
T000204,2023-03-22,C0154,148.96,retrait,CN,0
T000205,2023-07-06,C0169,246.92,achat_en_ligne,CN,0
T000206,2023-04-23,C0035,22.61,paiement,US,0
T000207,2023-01-02,C0063,167.55,paiement,FR,0
T000208,2023-05-10,C0025,59.29,paiement,DE,0
T000209,2023-08-08,C0090,658.97,paiement,DE,0
T000210,2023-02-23,C0075,132.15,paiement,CN,0
T000211,2023-12-09,C0038,327.97,retrait,DE,0
T000212,2023-08-12,C0130,159.8,paiement,IN,0
T000213,2023-08-13,C0135,8.88,retrait,US,1
T000214,2023-05-06,C0162,200.56,paiement,FR,0
T000215,2023-05-10,C0091,604.84,virement,IN,0
T000216,2023-02-22,C0017,184.07,virement,US,0
T000217,2023-06-21,C0128,342.06,virement,BR,0
T000218,2023-08-06,C0171,431.19,virement,CN,1
T000219,2023-06-09,C0187,51.77,retrait,DE,0
T000220,2023-07-17,C0108,47.66,retrait,BR,0
T000221,2023-09-04,C0179,188.83,achat_en_ligne,DE,0
T000222,2023-11-20,C0182,105.88,paiement,IN,0
T000223,2023-07-22,C0152,366.34,virement,FR,0
T000224,2023-07-03,C0025,460.56,retrait,FR,0
T000225,2023-05-03,C0199,87.21,paiement,FR,0
T000226,2023-09-12,C0180,54.07,paiement,DE,0
T000227,2023-10-21,C0198,303.3,retrait,BR,0
T000228,2023-10-07,C0088,64.26,virement,FR,0
T000229,2023-11-21,C0161,345.89,achat_en_ligne,BR,0
T000230,2023-04-08,C0177,110.24,paiement,DE,0
T000231,2023-07-17,C0029,220.25,achat_en_ligne,IN,0
T000232,2023-08-28,C0063,20.08,virement,BR,0
T000233,2023-05-24,C0150,195.56,virement,IN,0
T000234,2023-04-07,C0154,120.21,achat_en_ligne,DE,0
T000235,2023-07-20,C0156,176.67,virement,DE,1
T000236,2023-05-04,C0114,36.79,paiement,CN,0
T000237,2023-07-06,C0049,267.02,achat_en_ligne,DE,0
T000238,2023-11-22,C0199,397.26,virement,DE,0
T000239,2023-12-15,C0081,48.86,achat_en_ligne,US,0
T000240,2023-09-16,C0084,20.12,paiement,FR,0
T000241,2023-05-28,C0105,4.78,virement,CN,0
T000242,2023-09-09,C0177,205.43,paiement,CN,0
T000243,2023-12-12,C0148,186.84,virement,CN,0
T000244,2023-05-27,C0118,158.24,retrait,US,0
T000245,2023-05-28,C0086,52.78,virement,IN,0
T000246,2023-12-18,C0063,99.16,achat_en_ligne,DE,0
T000247,2023-07-18,C0189,180.52,virement,FR,0
T000248,2023-11-04,C0104,137.34,paiement,BR,0
T000249,2023-05-08,C0049,881.03,paiement,IN,0
T000250,2023-02-08,C0071,29.34,virement,DE,0
T000251,2023-12-04,C0001,237.58,achat_en_ligne,US,0
T000252,2023-12-26,C0141,103.61,retrait,DE,0
T000253,2023-05-09,C0179,111.79,achat_en_ligne,DE,0
T000254,2023-09-24,C0123,252.88,retrait,US,0
T000255,2023-05-31,C0184,235.81,paiement,CN,0
T000256,2023-10-25,C0062,947.88,achat_en_ligne,CN,0
T000257,2023-04-09,C0032,27.48,retrait,FR,0
T000258,2023-09-20,C0158,21.99,virement,FR,0
T000259,2023-09-09,C0029,257.72,paiement,CN,0
T000260,2023-05-24,C0049,172.73,virement,IN,0
T000261,2023-12-12,C0173,64.09,paiement,BR,0
T000262,2023-04-22,C0030,16.55,achat_en_ligne,DE,0
T000263,2023-03-01,C0144,17.91,achat_en_ligne,BR,0
T000264,2023-01-02,C0168,449.22,paiement,DE,0
T000265,2023-10-31,C0019,42.61,paiement,CN,0
T000266,2023-09-11,C0018,78.13,paiement,FR,0
T000267,2023-05-20,C0001,51.41,achat_en_ligne,IN,0
T000268,2023-02-06,C0078,87.7,retrait,FR,0
T000269,2023-06-09,C0115,14.39,virement,BR,0
T000270,2023-01-09,C0175,146.4,virement,FR,0
T000271,2023-08-21,C0194,14.0,achat_en_ligne,CN,0
T000272,2023-04-09,C0113,322.24,virement,IN,0
T000273,2023-05-27,C0114,53.24,paiement,BR,0
T000274,2023-10-31,C0166,155.31,retrait,IN,0
T000275,2023-07-27,C0179,424.18,virement,DE,0
T000276,2023-05-11,C0063,210.47,retrait,FR,0
T000277,2023-06-01,C0132,152.27,paiement,IN,0
T000278,2023-02-23,C0129,78.41,virement,US,0
T000279,2023-04-30,C0008,80.99,achat_en_ligne,FR,0
T000280,2023-06-10,C0157,221.42,retrait,DE,0
T000281,2023-04-26,C0055,1027.9,paiement,IN,0
T000282,2023-03-16,C0103,216.85,retrait,BR,0
T000283,2023-04-23,C0131,163.19,virement,DE,0
T000284,2023-04-14,C0032,262.35,virement,US,0
T000285,2023-12-06,C0010,125.17,achat_en_ligne,IN,0
T000286,2023-09-11,C0110,12.41,paiement,CN,0
T000287,2023-08-15,C0162,165.24,paiement,FR,0
T000288,2023-04-22,C0124,632.24,achat_en_ligne,BR,0
T000289,2023-04-09,C0087,38.55,achat_en_ligne,CN,0
T000290,2023-06-02,C0055,234.24,paiement,IN,0
T000291,2023-12-15,C0032,44.86,retrait,IN,0
T000292,2023-12-04,C0178,153.5,retrait,DE,0
T000293,2023-07-13,C0135,20.33,achat_en_ligne,IN,1
T000294,2023-11-06,C0093,119.7,retrait,BR,0
T000295,2023-06-12,C0008,282.25,paiement,CN,0
T000296,2023-07-27,C0065,85.41,virement,BR,0
T000297,2023-06-18,C0057,218.67,virement,US,0
T000298,2023-06-10,C0067,317.39,retrait,US,0
T000299,2023-03-09,C0187,523.95,achat_en_ligne,FR,0
T000300,2023-10-16,C0072,53.48,achat_en_ligne,FR,0
T000301,2023-10-04,C0054,101.94,achat_en_ligne,US,0
T000302,2023-10-31,C0067,33.07,achat_en_ligne,IN,0
T000303,2023-05-15,C0051,978.13,achat_en_ligne,BR,0
T000304,2023-07-14,C0097,523.46,retrait,US,0
T000305,2023-05-08,C0092,155.29,virement,FR,0
T000306,2023-02-02,C0008,369.07,virement,US,0
T000307,2023-06-25,C0162,147.19,retrait,IN,1
T000308,2023-01-22,C0035,195.41,achat_en_ligne,US,0
T000309,2023-08-26,C0096,18.67,retrait,BR,1
T000310,2023-06-07,C0088,281.52,virement,CN,0
T000311,2023-02-07,C0078,27.33,paiement,IN,0
T000312,2023-08-18,C0032,349.82,retrait,FR,0
T000313,2023-12-31,C0120,304.68,achat_en_ligne,BR,0
T000314,2023-02-20,C0046,246.71,virement,US,0
T000315,2023-09-21,C0144,7.37,virement,US,0
T000316,2023-10-10,C0196,72.23,virement,CN,0
T000317,2023-01-27,C0165,61.06,virement,FR,0
T000318,2023-08-14,C0182,89.3,achat_en_ligne,FR,0
T000319,2023-10-04,C0142,18.34,paiement,DE,0
T000320,2023-10-13,C0055,552.79,virement,FR,0
T000321,2023-04-07,C0176,161.4,retrait,CN,0
T000322,2023-10-11,C0007,72.92,paiement,DE,0
T000323,2023-11-13,C0074,101.16,virement,DE,0
T000324,2023-10-31,C0007,118.55,paiement,US,0
T000325,2023-05-27,C0161,183.56,retrait,US,0
T000326,2023-01-04,C0151,145.0,virement,FR,0
T000327,2023-02-04,C0085,503.63,retrait,DE,0
T000328,2023-07-11,C0147,137.42,achat_en_ligne,US,0
T000329,2023-02-18,C0112,969.65,virement,CN,0
T000330,2023-01-17,C0125,381.33,virement,US,0
T000331,2023-06-21,C0147,46.77,virement,IN,0
T000332,2023-08-08,C0036,533.56,virement,IN,0
T000333,2023-06-07,C0029,24.74,achat_en_ligne,US,0
T000334,2023-02-15,C0188,340.15,virement,DE,0
T000335,2023-01-06,C0082,95.81,paiement,DE,0
T000336,2023-04-09,C0002,420.7,virement,BR,0
T000337,2023-08-21,C0129,405.08,achat_en_ligne,IN,0
T000338,2023-02-06,C0047,327.9,virement,CN,0
T000339,2023-10-07,C0197,312.16,paiement,DE,0
T000340,2023-12-15,C0148,72.68,achat_en_ligne,FR,0
T000341,2023-10-29,C0011,16.88,achat_en_ligne,IN,0
T000342,2023-06-30,C0130,103.16,paiement,CN,0
T000343,2023-04-05,C0195,38.12,paiement,CN,0
T000344,2023-04-09,C0119,237.46,paiement,DE,0
T000345,2023-07-07,C0140,84.96,paiement,CN,0
T000346,2023-04-26,C0020,742.72,paiement,DE,0
T000347,2023-07-10,C0005,204.87,achat_en_ligne,US,0
T000348,2023-09-10,C0037,345.74,achat_en_ligne,IN,0
T000349,2023-06-10,C0166,28.43,virement,BR,0
T000350,2023-09-13,C0137,396.12,virement,US,1
T000351,2023-11-19,C0053,512.16,retrait,IN,0
T000352,2023-05-08,C0172,133.52,virement,DE,0
T000353,2023-01-18,C0099,186.41,virement,IN,0
T000354,2023-10-08,C0086,289.47,paiement,DE,0
T000355,2023-08-11,C0108,38.44,paiement,US,0
T000356,2023-02-23,C0024,139.66,virement,FR,0
T000357,2023-02-27,C0081,101.72,retrait,FR,0
T000358,2023-11-19,C0158,31.65,paiement,IN,0
T000359,2023-12-26,C0120,91.63,virement,FR,0
T000360,2023-06-23,C0059,14.12,virement,DE,0
T000361,2023-10-07,C0128,5.23,achat_en_ligne,CN,0
T000362,2023-04-24,C0114,29.04,retrait,DE,0
T000363,2023-10-15,C0115,659.99,achat_en_ligne,CN,0
T000364,2023-12-08,C0014,159.49,retrait,US,0
T000365,2023-05-31,C0009,675.24,paiement,BR,0
T000366,2023-05-07,C0040,113.3,retrait,CN,0
T000367,2023-06-04,C0194,74.74,virement,FR,0
T000368,2023-09-30,C0025,141.1,virement,DE,0
T000369,2023-04-14,C0103,115.79,retrait,US,0
T000370,2023-10-26,C0022,22.33,retrait,FR,0
T000371,2023-09-03,C0004,204.79,retrait,US,0
T000372,2023-06-25,C0154,48.68,achat_en_ligne,BR,0
T000373,2023-02-08,C0186,193.3,retrait,DE,0
T000374,2023-06-19,C0029,210.08,paiement,IN,0
T000375,2023-09-04,C0109,32.98,achat_en_ligne,DE,0
T000376,2023-01-26,C0098,12.66,achat_en_ligne,BR,0
T000377,2023-12-21,C0037,303.52,retrait,DE,0
T000378,2023-11-02,C0075,123.16,paiement,IN,0
T000379,2023-01-13,C0070,11.98,achat_en_ligne,CN,0
T000380,2023-11-12,C0146,1054.39,virement,US,0
T000381,2023-11-09,C0128,11.9,achat_en_ligne,IN,0
T000382,2023-02-05,C0085,237.51,retrait,FR,0
T000383,2023-06-22,C0042,823.06,paiement,BR,0
T000384,2023-01-20,C0100,54.67,retrait,CN,0
T000385,2023-11-17,C0041,30.69,virement,FR,0
T000386,2023-09-21,C0166,25.88,virement,FR,1
T000387,2023-05-22,C0034,72.27,virement,BR,0
T000388,2023-05-23,C0017,21.3,retrait,CN,0
T000389,2023-04-02,C0165,235.64,achat_en_ligne,FR,0
T000390,2023-12-20,C0153,12.86,retrait,FR,0
T000391,2023-11-18,C0122,142.43,paiement,CN,0
T000392,2023-10-15,C0076,1142.58,achat_en_ligne,DE,0
T000393,2023-08-03,C0087,336.37,virement,FR,0
T000394,2023-12-08,C0117,191.02,retrait,US,0
T000395,2023-02-20,C0106,73.13,virement,CN,0
T000396,2023-06-02,C0086,195.58,virement,FR,0
T000397,2023-07-05,C0027,149.75,paiement,BR,0
T000398,2023-03-04,C0057,111.05,achat_en_ligne,IN,0
T000399,2023-07-09,C0031,28.02,paiement,US,0
T000400,2023-05-05,C0134,435.37,paiement,IN,0
T000401,2023-05-30,C0168,119.49,paiement,IN,0
T000402,2023-11-10,C0098,43.29,virement,FR,0
T000403,2023-02-27,C0012,91.7,paiement,US,0
T000404,2023-12-08,C0053,106.93,paiement,US,0
T000405,2023-11-01,C0199,351.52,achat_en_ligne,DE,0
T000406,2023-06-29,C0138,264.56,achat_en_ligne,IN,0
T000407,2023-06-19,C0173,293.33,paiement,US,0
T000408,2023-11-22,C0145,2.22,achat_en_ligne,DE,0
T000409,2023-09-28,C0154,107.62,achat_en_ligne,CN,0
T000410,2023-02-23,C0190,131.3,paiement,DE,0
T000411,2023-04-11,C0122,3.88,virement,BR,0
T000412,2023-09-21,C0046,60.17,paiement,FR,0
T000413,2023-02-22,C0064,285.66,achat_en_ligne,CN,0
T000414,2023-03-01,C0130,29.49,virement,CN,0
T000415,2023-04-18,C0054,153.28,retrait,BR,0
T000416,2023-01-05,C0107,48.47,virement,DE,0
T000417,2023-04-13,C0193,2.44,achat_en_ligne,FR,1
T000418,2023-07-15,C0051,55.2,virement,DE,1
T000419,2023-09-19,C0181,744.89,paiement,US,0
T000420,2023-12-31,C0036,323.43,retrait,DE,0
T000421,2023-12-16,C0115,641.67,retrait,CN,0
T000422,2023-02-16,C0026,133.83,retrait,FR,0
T000423,2023-12-21,C0029,23.25,achat_en_ligne,DE,0
T000424,2023-11-07,C0149,158.8,achat_en_ligne,FR,0
T000425,2023-11-04,C0011,121.17,retrait,FR,0
T000426,2023-05-24,C0040,372.04,virement,US,0
T000427,2023-09-26,C0011,20.65,retrait,US,0
T000428,2023-05-04,C0164,133.98,virement,CN,1
T000429,2023-04-16,C0113,32.52,virement,BR,0
T000430,2023-06-07,C0187,78.51,achat_en_ligne,FR,0
T000431,2023-05-27,C0039,267.39,virement,BR,0
T000432,2023-05-25,C0054,129.26,retrait,CN,0
T000433,2023-04-30,C0098,94.29,achat_en_ligne,FR,0
T000434,2023-11-15,C0055,100.33,paiement,FR,0
T000435,2023-10-02,C0111,123.03,paiement,IN,0
T000436,2023-04-02,C0152,307.44,achat_en_ligne,BR,0
T000437,2023-02-27,C0150,445.28,retrait,DE,0
T000438,2023-12-12,C0069,621.71,paiement,US,0
T000439,2023-08-17,C0056,309.2,paiement,DE,0
T000440,2023-04-27,C0033,75.79,virement,BR,0
T000441,2023-11-14,C0036,233.04,virement,US,0
T000442,2023-10-06,C0148,115.11,retrait,DE,0
T000443,2023-05-07,C0081,58.79,achat_en_ligne,IN,0
T000444,2023-05-09,C0190,367.61,retrait,US,0
T000445,2023-02-27,C0109,7.84,achat_en_ligne,FR,0
T000446,2023-05-02,C0154,464.07,paiement,DE,0
T000447,2023-01-01,C0194,123.79,virement,US,0
T000448,2023-08-27,C0073,202.78,retrait,IN,0
T000449,2023-10-17,C0040,215.38,retrait,US,0
T000450,2023-04-06,C0017,450.98,achat_en_ligne,US,0
T000451,2023-05-06,C0129,202.49,achat_en_ligne,IN,0
T000452,2023-04-28,C0061,190.35,retrait,DE,0
T000453,2023-02-17,C0171,13.8,achat_en_ligne,CN,0
T000454,2023-03-30,C0104,146.13,retrait,DE,0
T000455,2023-08-25,C0042,32.54,retrait,BR,0
T000456,2023-09-29,C0025,267.45,retrait,IN,1
T000457,2023-07-08,C0039,143.58,paiement,DE,0
T000458,2023-07-11,C0035,228.03,achat_en_ligne,US,0
T000459,2023-03-10,C0131,8.51,virement,IN,0
T000460,2023-10-05,C0108,17.72,virement,FR,0
T000461,2023-12-15,C0172,251.98,achat_en_ligne,DE,0
T000462,2023-09-04,C0179,14.96,retrait,IN,0
T000463,2023-03-17,C0102,14.78,virement,DE,0
T000464,2023-06-03,C0098,2.44,virement,IN,0
T000465,2023-05-24,C0012,627.01,achat_en_ligne,US,0
T000466,2023-03-27,C0019,267.51,virement,FR,0
T000467,2023-07-04,C0101,87.16,retrait,FR,0
T000468,2023-10-12,C0044,70.35,achat_en_ligne,BR,0
T000469,2023-08-08,C0187,86.07,retrait,IN,0
T000470,2023-03-10,C0049,298.02,virement,DE,0
T000471,2023-02-16,C0189,216.57,virement,FR,0
T000472,2023-04-04,C0017,40.96,retrait,FR,0
T000473,2023-08-26,C0074,38.26,paiement,CN,0
T000474,2023-07-23,C0057,20.72,virement,CN,1
T000475,2023-08-06,C0055,215.94,paiement,FR,0
T000476,2023-12-07,C0047,289.1,virement,IN,0
T000477,2023-02-08,C0012,61.59,paiement,BR,0
T000478,2023-04-10,C0062,4.23,paiement,FR,0
T000479,2023-10-16,C0080,17.15,paiement,US,0
T000480,2023-09-11,C0083,687.53,retrait,DE,0
T000481,2023-08-10,C0008,70.04,paiement,BR,0
T000482,2023-12-23,C0149,293.26,paiement,US,0
T000483,2023-01-23,C0081,195.99,paiement,BR,0
T000484,2023-09-07,C0118,96.23,virement,US,0
T000485,2023-01-10,C0198,46.06,paiement,DE,0
T000486,2023-09-03,C0200,25.88,virement,DE,0
T000487,2023-11-21,C0025,190.91,paiement,CN,0
T000488,2023-04-10,C0089,298.01,paiement,IN,0
T000489,2023-10-17,C0012,206.51,retrait,US,0
T000490,2023-06-29,C0143,151.13,virement,CN,0
T000491,2023-08-11,C0059,8.57,paiement,US,0
T000492,2023-09-07,C0154,691.48,virement,CN,0
T000493,2023-05-27,C0109,320.61,virement,DE,0
T000494,2023-04-06,C0026,69.29,achat_en_ligne,BR,0
T000495,2023-09-14,C0047,782.11,retrait,CN,0
T000496,2023-11-21,C0032,184.2,retrait,US,0
T000497,2023-01-04,C0010,174.66,retrait,US,0
T000498,2023-01-16,C0016,275.72,achat_en_ligne,IN,0
T000499,2023-10-07,C0199,334.02,achat_en_ligne,DE,0
T000500,2023-12-02,C0145,213.7,retrait,US,0
T000501,2023-09-04,C0151,27.42,achat_en_ligne,FR,0
T000502,2023-09-15,C0026,82.58,achat_en_ligne,BR,0
T000503,2023-06-09,C0086,526.45,achat_en_ligne,CN,0
T000504,2023-12-06,C0135,50.88,retrait,IN,0
T000505,2023-06-01,C0014,93.1,retrait,BR,0
T000506,2023-06-27,C0079,113.15,retrait,DE,0
T000507,2023-06-12,C0117,115.75,achat_en_ligne,IN,0
T000508,2023-02-02,C0007,189.83,retrait,CN,0
T000509,2023-06-28,C0137,573.21,achat_en_ligne,CN,0
T000510,2023-04-11,C0115,55.07,paiement,FR,0
T000511,2023-09-25,C0176,25.91,achat_en_ligne,DE,0
T000512,2023-11-19,C0072,44.0,virement,IN,0
T000513,2023-03-06,C0059,435.94,retrait,IN,0
T000514,2023-06-17,C0082,207.58,retrait,US,0
T000515,2023-11-26,C0116,67.35,virement,FR,0
T000516,2023-02-12,C0167,338.51,achat_en_ligne,FR,0
T000517,2023-02-13,C0146,395.19,paiement,IN,0
T000518,2023-10-12,C0187,374.83,virement,IN,0
T000519,2023-01-12,C0103,502.48,virement,BR,0
T000520,2023-04-05,C0017,58.13,achat_en_ligne,BR,0
T000521,2023-10-29,C0014,281.33,retrait,BR,0
T000522,2023-09-10,C0159,123.44,achat_en_ligne,FR,0
T000523,2023-08-30,C0152,369.03,virement,US,0
T000524,2023-02-04,C0108,260.75,virement,CN,0
T000525,2023-08-03,C0188,299.62,retrait,BR,0
T000526,2023-12-03,C0045,213.52,retrait,US,0
T000527,2023-03-31,C0098,39.06,retrait,DE,0
T000528,2023-09-21,C0131,157.5,achat_en_ligne,BR,0
T000529,2023-04-03,C0037,835.59,retrait,CN,0
T000530,2023-03-31,C0171,554.16,virement,DE,0
T000531,2023-04-25,C0168,8.83,virement,DE,0
T000532,2023-04-15,C0183,36.02,paiement,CN,0
T000533,2023-07-15,C0108,28.25,achat_en_ligne,BR,0
T000534,2023-11-10,C0039,258.91,paiement,FR,0
T000535,2023-04-24,C0015,340.51,virement,CN,0
T000536,2023-03-16,C0120,48.04,paiement,CN,0
T000537,2023-08-05,C0004,140.98,virement,CN,1
T000538,2023-10-04,C0093,367.4,paiement,DE,0
T000539,2023-09-06,C0153,263.95,retrait,US,1
T000540,2023-06-13,C0141,156.28,paiement,FR,1
T000541,2023-12-23,C0161,178.49,retrait,BR,0
T000542,2023-07-11,C0016,142.0,retrait,BR,0
T000543,2023-08-15,C0170,70.64,achat_en_ligne,US,0
T000544,2023-06-26,C0108,166.49,retrait,CN,0
T000545,2023-04-09,C0126,233.52,retrait,FR,0
T000546,2023-02-05,C0194,413.22,paiement,BR,0
T000547,2023-04-06,C0055,202.28,virement,IN,0
T000548,2023-06-01,C0170,286.36,achat_en_ligne,BR,0
T000549,2023-05-31,C0034,34.89,retrait,CN,0
T000550,2023-07-09,C0158,123.81,achat_en_ligne,IN,0
T000551,2023-08-12,C0013,1.88,paiement,US,0
T000552,2023-02-06,C0141,56.65,retrait,FR,0
T000553,2023-09-25,C0018,259.26,paiement,US,0
T000554,2023-07-02,C0160,960.97,achat_en_ligne,US,0
T000555,2023-01-13,C0096,20.89,paiement,FR,0
T000556,2023-10-06,C0123,102.66,achat_en_ligne,FR,0
T000557,2023-08-05,C0039,321.96,paiement,BR,0
T000558,2023-12-21,C0046,45.64,achat_en_ligne,BR,0
T000559,2023-12-27,C0029,161.97,virement,FR,0
T000560,2023-10-13,C0190,264.15,paiement,IN,0
T000561,2023-09-30,C0062,191.41,paiement,DE,0
T000562,2023-03-03,C0185,41.66,virement,BR,0
T000563,2023-03-25,C0016,87.82,virement,DE,1
T000564,2023-08-05,C0184,306.3,paiement,IN,0
T000565,2023-12-08,C0121,161.59,virement,FR,0
T000566,2023-07-06,C0010,1.05,retrait,IN,0
T000567,2023-01-19,C0158,286.25,achat_en_ligne,BR,0
T000568,2023-06-26,C0153,7.19,achat_en_ligne,US,0
T000569,2023-04-10,C0103,273.87,achat_en_ligne,FR,0
T000570,2023-08-21,C0084,45.25,retrait,CN,0
T000571,2023-03-17,C0133,634.37,virement,DE,1
T000572,2023-09-22,C0065,91.75,virement,IN,0
T000573,2023-10-11,C0177,79.18,paiement,FR,0
T000574,2023-07-25,C0003,32.24,virement,IN,0
T000575,2023-08-11,C0173,72.94,paiement,FR,0
T000576,2023-02-21,C0142,418.55,retrait,BR,0
T000577,2023-12-05,C0120,1121.75,achat_en_ligne,BR,0
T000578,2023-05-24,C0158,91.87,achat_en_ligne,BR,0
T000579,2023-03-10,C0068,119.06,achat_en_ligne,IN,0
T000580,2023-04-09,C0146,256.08,virement,CN,0
T000581,2023-01-25,C0190,434.66,paiement,BR,0
T000582,2023-02-22,C0037,179.81,paiement,FR,0
T000583,2023-05-31,C0153,99.36,retrait,BR,0
T000584,2023-05-24,C0176,106.42,virement,US,0
T000585,2023-02-26,C0193,237.89,retrait,BR,0
T000586,2023-02-08,C0181,0.64,paiement,IN,0
T000587,2023-04-19,C0073,193.3,paiement,CN,0
T000588,2023-06-30,C0143,87.85,achat_en_ligne,US,0
T000589,2023-02-11,C0049,316.17,virement,IN,0
T000590,2023-07-05,C0121,19.52,paiement,IN,0
T000591,2023-08-11,C0088,177.44,achat_en_ligne,IN,0
T000592,2023-05-02,C0196,131.16,virement,FR,0
T000593,2023-05-13,C0140,205.63,retrait,IN,0
T000594,2023-06-12,C0187,13.41,virement,FR,0
T000595,2023-08-03,C0037,173.49,virement,IN,0
T000596,2023-08-09,C0061,164.87,paiement,DE,0
T000597,2023-08-23,C0171,164.5,paiement,US,0
T000598,2023-11-27,C0124,185.01,virement,DE,0
T000599,2023-05-26,C0198,225.69,paiement,IN,0
T000600,2023-08-27,C0039,326.94,paiement,US,0
T000601,2023-03-17,C0184,62.89,paiement,US,0
T000602,2023-01-09,C0063,348.65,achat_en_ligne,CN,0
T000603,2023-03-15,C0046,137.93,achat_en_ligne,DE,0
T000604,2023-09-10,C0088,16.04,virement,CN,0
T000605,2023-08-18,C0011,12.07,paiement,US,0
T000606,2023-01-07,C0062,81.36,achat_en_ligne,FR,0
T000607,2023-06-23,C0077,307.33,virement,US,0
T000608,2023-05-21,C0153,245.98,paiement,CN,0
T000609,2023-06-17,C0199,310.81,retrait,DE,0
T000610,2023-06-19,C0052,145.66,paiement,IN,1
T000611,2023-10-10,C0004,116.03,paiement,IN,0
T000612,2023-05-02,C0059,31.91,achat_en_ligne,DE,0
T000613,2023-07-13,C0072,79.56,virement,IN,0
T000614,2023-01-05,C0148,113.84,virement,IN,0
T000615,2023-01-29,C0093,18.55,achat_en_ligne,CN,0
T000616,2023-06-14,C0063,49.85,paiement,DE,0
T000617,2023-12-05,C0054,182.37,retrait,BR,0
T000618,2023-05-16,C0117,266.11,paiement,FR,0
T000619,2023-12-31,C0110,1281.09,paiement,FR,0
T000620,2023-11-17,C0074,540.95,retrait,IN,0
T000621,2023-12-08,C0107,205.76,achat_en_ligne,FR,0
T000622,2023-05-25,C0057,109.38,virement,DE,0
T000623,2023-11-23,C0169,202.22,achat_en_ligne,DE,0
T000624,2023-08-05,C0003,308.03,achat_en_ligne,US,0
T000625,2023-10-28,C0120,25.19,paiement,US,0
T000626,2023-05-12,C0006,105.49,virement,FR,0
T000627,2023-10-19,C0005,366.27,virement,BR,0
T000628,2023-03-11,C0005,96.85,achat_en_ligne,US,0
T000629,2023-09-09,C0054,169.67,retrait,US,0
T000630,2023-10-02,C0047,177.23,achat_en_ligne,DE,0
T000631,2023-12-30,C0177,40.78,retrait,BR,0
T000632,2023-07-01,C0009,89.96,virement,IN,0
T000633,2023-06-16,C0099,81.45,achat_en_ligne,FR,0
T000634,2023-04-01,C0020,5.31,paiement,US,0
T000635,2023-07-21,C0122,4.9,achat_en_ligne,BR,0
T000636,2023-12-12,C0061,356.4,virement,BR,0
T000637,2023-01-19,C0123,63.79,paiement,FR,0
T000638,2023-02-08,C0163,145.99,paiement,BR,0
T000639,2023-05-06,C0178,70.97,retrait,BR,0
T000640,2023-06-22,C0082,564.96,paiement,BR,0
T000641,2023-05-21,C0062,60.03,paiement,US,0
T000642,2023-08-30,C0145,112.3,achat_en_ligne,FR,0
T000643,2023-08-08,C0003,412.29,virement,BR,0
T000644,2023-05-06,C0160,368.95,retrait,BR,0
T000645,2023-02-27,C0013,41.18,achat_en_ligne,US,0
T000646,2023-05-28,C0120,324.55,paiement,FR,0
T000647,2023-11-13,C0125,122.57,paiement,DE,0
T000648,2023-12-27,C0089,131.93,retrait,US,0
T000649,2023-01-01,C0073,28.65,virement,FR,0
T000650,2023-12-14,C0068,16.81,retrait,BR,0
T000651,2023-07-09,C0142,260.35,achat_en_ligne,FR,0
T000652,2023-07-10,C0101,137.22,retrait,FR,0
T000653,2023-11-08,C0098,114.84,paiement,IN,0
T000654,2023-04-27,C0011,261.5,achat_en_ligne,FR,0
T000655,2023-05-14,C0105,290.07,paiement,DE,0
T000656,2023-02-27,C0184,34.61,virement,FR,0
T000657,2023-02-13,C0067,188.44,paiement,DE,0
T000658,2023-06-22,C0123,29.09,paiement,BR,0
T000659,2023-06-09,C0029,278.36,retrait,DE,0
T000660,2023-06-22,C0137,213.98,paiement,BR,0
T000661,2023-11-13,C0195,627.53,achat_en_ligne,BR,0
T000662,2023-10-30,C0153,14.29,achat_en_ligne,DE,1
T000663,2023-05-29,C0076,11.75,virement,US,0
T000664,2023-03-21,C0170,66.31,achat_en_ligne,CN,0
T000665,2023-08-01,C0009,60.68,retrait,FR,0
T000666,2023-07-22,C0040,56.73,virement,IN,0
T000667,2023-09-09,C0025,473.43,achat_en_ligne,CN,0
T000668,2023-08-17,C0005,57.42,retrait,FR,0
T000669,2023-06-13,C0139,63.48,achat_en_ligne,FR,0
T000670,2023-08-15,C0187,284.92,achat_en_ligne,BR,0
T000671,2023-05-27,C0124,119.47,paiement,FR,0
T000672,2023-01-20,C0038,299.86,achat_en_ligne,IN,0
T000673,2023-02-16,C0072,13.52,achat_en_ligne,FR,0
T000674,2023-08-21,C0133,133.72,retrait,DE,0
T000675,2023-11-01,C0176,6.84,retrait,CN,1
T000676,2023-01-14,C0090,12.94,paiement,DE,0
T000677,2023-05-23,C0146,473.83,achat_en_ligne,IN,0
T000678,2023-01-01,C0198,29.99,paiement,FR,0
T000679,2023-02-23,C0037,152.04,achat_en_ligne,IN,1
T000680,2023-09-16,C0060,105.9,virement,BR,0
T000681,2023-05-24,C0176,85.34,virement,DE,0
T000682,2023-01-12,C0028,460.18,paiement,DE,0
T000683,2023-11-26,C0197,4.41,paiement,US,0
T000684,2023-08-12,C0081,218.0,paiement,FR,0
T000685,2023-09-29,C0114,661.51,retrait,BR,0
T000686,2023-12-24,C0040,164.27,retrait,DE,0
T000687,2023-06-05,C0045,552.36,retrait,DE,0
T000688,2023-01-08,C0062,10.73,paiement,BR,0
T000689,2023-05-02,C0093,108.53,achat_en_ligne,IN,0
T000690,2023-12-14,C0115,60.26,virement,IN,0
T000691,2023-06-13,C0186,262.48,paiement,FR,0
T000692,2023-03-31,C0067,795.82,retrait,US,0
T000693,2023-05-16,C0056,59.29,retrait,DE,0
T000694,2023-07-05,C0040,212.36,paiement,US,0
T000695,2023-11-12,C0098,44.15,paiement,IN,0
T000696,2023-06-27,C0040,166.63,retrait,IN,0
T000697,2023-01-28,C0091,124.7,achat_en_ligne,CN,0
T000698,2023-08-08,C0033,715.15,retrait,FR,0
T000699,2023-12-23,C0006,187.57,retrait,CN,0
T000700,2023-02-10,C0147,86.0,paiement,CN,0
T000701,2023-08-16,C0080,24.23,achat_en_ligne,CN,0
T000702,2023-07-11,C0168,32.8,retrait,FR,0
T000703,2023-05-25,C0092,51.06,retrait,FR,0
T000704,2023-07-20,C0097,57.79,virement,BR,0
T000705,2023-07-31,C0059,380.25,paiement,US,0
T000706,2023-08-08,C0059,164.75,virement,US,0
T000707,2023-08-28,C0048,148.21,virement,BR,1
T000708,2023-02-15,C0169,24.38,retrait,BR,0
T000709,2023-02-04,C0013,393.42,paiement,IN,0
T000710,2023-09-10,C0107,256.61,achat_en_ligne,CN,0
T000711,2023-03-23,C0045,14.01,retrait,BR,0
T000712,2023-09-13,C0089,246.09,achat_en_ligne,DE,0
T000713,2023-07-16,C0181,156.85,achat_en_ligne,US,0
T000714,2023-10-30,C0170,17.05,paiement,BR,0
T000715,2023-01-10,C0100,122.61,virement,DE,0
T000716,2023-11-08,C0191,132.6,paiement,DE,0
T000717,2023-10-13,C0155,36.25,achat_en_ligne,DE,0
T000718,2023-08-30,C0166,582.64,retrait,IN,0
T000719,2023-09-08,C0188,379.39,achat_en_ligne,IN,0
T000720,2023-12-31,C0007,221.14,retrait,DE,0
T000721,2023-01-05,C0133,124.09,retrait,IN,0
T000722,2023-04-29,C0045,106.13,paiement,CN,0
T000723,2023-10-16,C0058,210.52,achat_en_ligne,DE,0
T000724,2023-03-06,C0031,157.68,virement,CN,0
T000725,2023-05-26,C0023,12.86,achat_en_ligne,CN,0
T000726,2023-08-12,C0170,143.69,achat_en_ligne,DE,0
T000727,2023-08-27,C0138,328.4,virement,US,0
T000728,2023-06-26,C0160,122.96,paiement,DE,0
T000729,2023-09-24,C0107,10.67,achat_en_ligne,DE,0
T000730,2023-12-07,C0181,308.62,achat_en_ligne,IN,0
T000731,2023-10-09,C0158,44.97,retrait,DE,0
T000732,2023-03-04,C0039,59.85,achat_en_ligne,US,0
T000733,2023-08-05,C0159,35.99,virement,IN,0
T000734,2023-12-08,C0082,80.16,retrait,FR,0
T000735,2023-11-11,C0100,282.73,paiement,FR,0
T000736,2023-10-10,C0002,146.54,retrait,CN,0
T000737,2023-06-26,C0077,45.85,virement,CN,0
T000738,2023-04-08,C0012,420.47,virement,US,0
T000739,2023-04-15,C0039,423.36,retrait,BR,0
T000740,2023-04-09,C0194,408.94,paiement,FR,0
T000741,2023-11-07,C0013,54.57,retrait,CN,0
T000742,2023-01-06,C0046,120.02,paiement,FR,0
T000743,2023-07-16,C0155,839.8,retrait,US,0
T000744,2023-12-17,C0113,295.69,virement,US,0
T000745,2023-05-13,C0017,5.51,achat_en_ligne,BR,0
T000746,2023-12-24,C0104,13.49,achat_en_ligne,BR,0
T000747,2023-09-16,C0098,124.7,paiement,IN,0
T000748,2023-01-23,C0188,479.86,paiement,US,0
T000749,2023-02-22,C0192,154.74,paiement,CN,0
T000750,2023-06-14,C0088,137.76,virement,FR,0
T000751,2023-07-21,C0109,22.29,retrait,DE,0
T000752,2023-03-24,C0163,213.88,virement,BR,0
T000753,2023-05-25,C0070,345.31,achat_en_ligne,DE,1
T000754,2023-03-26,C0158,95.74,paiement,CN,0
T000755,2023-03-19,C0199,298.88,retrait,BR,0
T000756,2023-01-01,C0074,667.51,achat_en_ligne,DE,0
T000757,2023-02-20,C0063,45.57,achat_en_ligne,CN,0
T000758,2023-06-22,C0156,148.19,achat_en_ligne,FR,0
T000759,2023-07-24,C0060,67.69,virement,CN,0
T000760,2023-09-17,C0079,314.87,paiement,IN,1
T000761,2023-10-15,C0037,172.36,achat_en_ligne,BR,0
T000762,2023-02-03,C0022,201.34,paiement,US,0
T000763,2023-12-14,C0196,319.81,virement,FR,0
T000764,2023-04-05,C0148,100.83,achat_en_ligne,DE,0
T000765,2023-03-13,C0096,493.23,virement,BR,0
T000766,2023-02-08,C0068,152.3,virement,US,0
T000767,2023-06-03,C0192,34.38,paiement,CN,0
T000768,2023-09-07,C0017,238.08,achat_en_ligne,US,0
T000769,2023-06-11,C0012,315.26,virement,BR,0
T000770,2023-04-28,C0150,76.18,achat_en_ligne,BR,0
T000771,2023-09-16,C0145,389.23,paiement,IN,0
T000772,2023-11-02,C0138,473.2,virement,IN,0
T000773,2023-09-25,C0118,64.84,paiement,US,0
T000774,2023-02-23,C0193,821.14,achat_en_ligne,CN,0
T000775,2023-08-24,C0022,30.33,achat_en_ligne,US,1
T000776,2023-08-10,C0120,45.13,paiement,BR,0
T000777,2023-09-08,C0050,40.72,retrait,BR,0
T000778,2023-11-09,C0014,448.84,virement,DE,0
T000779,2023-04-22,C0192,212.43,achat_en_ligne,IN,0
T000780,2023-09-12,C0175,33.0,achat_en_ligne,DE,0
T000781,2023-10-30,C0029,116.08,virement,FR,0
T000782,2023-07-26,C0164,191.06,paiement,BR,0
T000783,2023-08-17,C0180,17.43,paiement,DE,0
T000784,2023-12-07,C0125,428.12,paiement,US,0
T000785,2023-03-07,C0007,325.52,retrait,IN,0
T000786,2023-03-16,C0029,140.72,retrait,IN,0
T000787,2023-04-13,C0139,683.02,achat_en_ligne,CN,0
T000788,2023-07-11,C0033,108.17,paiement,US,0
T000789,2023-09-09,C0134,828.42,virement,CN,0
T000790,2023-08-14,C0111,220.48,achat_en_ligne,DE,0
T000791,2023-10-21,C0079,201.39,virement,FR,0
T000792,2023-11-02,C0160,36.29,achat_en_ligne,US,0
T000793,2023-04-08,C0179,427.29,retrait,US,0
T000794,2023-12-04,C0058,111.54,achat_en_ligne,US,0
T000795,2023-10-13,C0026,35.4,retrait,CN,0
T000796,2023-12-01,C0174,2.54,achat_en_ligne,DE,0
T000797,2023-12-13,C0029,164.09,paiement,US,0
T000798,2023-11-04,C0004,149.9,virement,US,0
T000799,2023-09-06,C0099,254.13,paiement,IN,0
T000800,2023-06-15,C0141,441.92,achat_en_ligne,FR,0
T000801,2023-12-01,C0039,16.55,achat_en_ligne,IN,0
T000802,2023-01-30,C0015,262.98,achat_en_ligne,IN,0
T000803,2023-09-04,C0119,41.51,retrait,FR,0
T000804,2023-04-16,C0029,390.64,virement,DE,0
T000805,2023-02-20,C0157,341.92,virement,IN,0
T000806,2023-03-22,C0075,155.65,achat_en_ligne,DE,0
T000807,2023-05-13,C0116,247.74,achat_en_ligne,IN,0
T000808,2023-10-12,C0032,75.48,retrait,BR,0
T000809,2023-05-18,C0130,127.42,paiement,FR,0
T000810,2023-07-03,C0175,344.79,paiement,IN,0
T000811,2023-11-26,C0084,122.97,virement,BR,0
T000812,2023-09-30,C0022,88.57,retrait,CN,0
T000813,2023-12-06,C0027,136.33,achat_en_ligne,BR,0
T000814,2023-03-10,C0195,352.34,virement,US,0
T000815,2023-02-03,C0081,81.66,retrait,IN,0
T000816,2023-09-19,C0126,38.17,paiement,BR,0
T000817,2023-02-22,C0184,248.97,retrait,DE,0
T000818,2023-07-24,C0092,349.71,paiement,CN,1
T000819,2023-05-06,C0021,21.21,retrait,IN,0
T000820,2023-08-23,C0047,54.85,virement,US,0
T000821,2023-02-12,C0101,30.62,paiement,BR,0
T000822,2023-08-28,C0187,85.52,virement,CN,0
T000823,2023-04-21,C0084,119.7,virement,IN,0
T000824,2023-09-06,C0006,276.32,paiement,CN,0
T000825,2023-05-31,C0147,210.62,paiement,US,0
T000826,2023-07-02,C0185,194.01,achat_en_ligne,BR,0
T000827,2023-12-02,C0197,86.89,achat_en_ligne,CN,0
T000828,2023-04-05,C0131,368.33,achat_en_ligne,CN,0
T000829,2023-01-08,C0001,127.46,virement,FR,1
T000830,2023-12-26,C0058,773.65,virement,CN,0
T000831,2023-07-03,C0124,201.1,achat_en_ligne,FR,1
T000832,2023-10-08,C0166,27.0,virement,BR,0
T000833,2023-07-14,C0015,225.51,virement,IN,0
T000834,2023-12-18,C0162,78.64,paiement,IN,0
T000835,2023-07-14,C0189,231.88,paiement,BR,0
T000836,2023-06-04,C0163,14.44,virement,BR,0
T000837,2023-04-03,C0064,38.45,achat_en_ligne,DE,0
T000838,2023-06-09,C0025,387.22,retrait,BR,0
T000839,2023-03-02,C0024,51.54,achat_en_ligne,CN,0
T000840,2023-05-02,C0012,362.85,retrait,IN,0
T000841,2023-02-20,C0018,65.5,achat_en_ligne,US,0
T000842,2023-10-04,C0015,205.94,paiement,IN,0
T000843,2023-01-05,C0027,236.93,virement,FR,0
T000844,2023-04-02,C0072,143.76,virement,IN,0
T000845,2023-06-19,C0060,72.86,paiement,DE,0
T000846,2023-11-13,C0174,47.82,retrait,BR,0
T000847,2023-01-22,C0145,6.75,retrait,BR,0
T000848,2023-11-22,C0093,72.47,retrait,IN,0
T000849,2023-01-01,C0053,211.78,paiement,US,0
T000850,2023-05-13,C0008,557.11,retrait,US,0
T000851,2023-08-21,C0079,409.91,paiement,DE,0
T000852,2023-01-12,C0027,290.54,achat_en_ligne,FR,0
T000853,2023-12-12,C0174,310.66,achat_en_ligne,IN,0
T000854,2023-02-15,C0050,218.72,paiement,BR,0
T000855,2023-02-03,C0199,60.3,virement,IN,0
T000856,2023-03-19,C0131,475.45,achat_en_ligne,DE,0
T000857,2023-08-06,C0093,222.18,retrait,CN,1
T000858,2023-10-28,C0192,164.4,paiement,CN,0
T000859,2023-03-14,C0172,23.53,retrait,DE,0
T000860,2023-10-09,C0181,118.5,retrait,BR,0
T000861,2023-09-06,C0024,123.37,virement,DE,0
T000862,2023-02-16,C0060,399.85,retrait,BR,0
T000863,2023-05-01,C0122,158.22,virement,US,0
T000864,2023-08-02,C0131,95.74,achat_en_ligne,DE,0
T000865,2023-08-27,C0148,752.72,paiement,BR,0
T000866,2023-02-25,C0046,23.47,retrait,DE,0
T000867,2023-12-16,C0015,109.83,paiement,DE,0
T000868,2023-04-17,C0153,8.59,retrait,BR,0
T000869,2023-11-15,C0199,269.34,paiement,BR,0
T000870,2023-02-17,C0017,500.39,retrait,FR,0
T000871,2023-03-02,C0126,65.71,retrait,DE,0
T000872,2023-12-03,C0084,390.87,retrait,CN,0
T000873,2023-01-26,C0009,69.12,retrait,DE,0
T000874,2023-10-19,C0166,483.31,retrait,DE,0
T000875,2023-09-14,C0176,280.45,retrait,BR,0
T000876,2023-01-08,C0188,326.86,retrait,DE,0
T000877,2023-04-23,C0063,3.63,retrait,IN,0
T000878,2023-12-21,C0117,658.34,retrait,DE,0
T000879,2023-09-10,C0130,259.42,paiement,IN,0
T000880,2023-06-29,C0088,72.7,virement,CN,0
T000881,2023-07-26,C0072,353.68,retrait,BR,0
T000882,2023-10-30,C0139,66.12,virement,DE,0
T000883,2023-05-07,C0064,412.33,retrait,IN,0
T000884,2023-02-25,C0072,23.89,retrait,IN,0
T000885,2023-08-02,C0021,243.27,paiement,IN,0
T000886,2023-01-14,C0018,155.61,achat_en_ligne,US,0
T000887,2023-01-28,C0064,20.3,achat_en_ligne,FR,0
T000888,2023-03-19,C0082,55.39,paiement,CN,0
T000889,2023-08-04,C0110,2.5,virement,DE,0
T000890,2023-12-31,C0095,126.51,achat_en_ligne,US,1
T000891,2023-06-03,C0166,71.7,paiement,DE,0
T000892,2023-01-14,C0032,182.44,paiement,DE,0
T000893,2023-07-06,C0011,70.55,achat_en_ligne,BR,0
T000894,2023-11-08,C0045,71.31,virement,BR,0
T000895,2023-01-07,C0033,271.89,paiement,BR,0
T000896,2023-01-03,C0102,9.87,retrait,US,0
T000897,2023-04-21,C0169,466.39,virement,DE,0
T000898,2023-08-26,C0136,382.47,virement,FR,0
T000899,2023-12-29,C0011,220.41,achat_en_ligne,CN,0
T000900,2023-08-27,C0179,179.9,achat_en_ligne,BR,0
T000901,2023-10-01,C0088,445.69,retrait,BR,0
T000902,2023-10-21,C0041,40.99,paiement,DE,0
T000903,2023-08-15,C0145,16.45,achat_en_ligne,DE,0
T000904,2023-01-15,C0076,54.76,achat_en_ligne,US,0
T000905,2023-07-11,C0121,316.54,virement,US,0
T000906,2023-04-29,C0046,7.06,achat_en_ligne,BR,0
T000907,2023-01-28,C0160,174.84,achat_en_ligne,DE,0
T000908,2023-07-21,C0080,1077.98,achat_en_ligne,FR,1
T000909,2023-02-08,C0054,387.17,achat_en_ligne,CN,0
T000910,2023-09-30,C0086,147.4,virement,DE,0
T000911,2023-08-19,C0092,13.15,retrait,DE,0
T000912,2023-03-27,C0148,356.01,retrait,IN,0
T000913,2023-05-06,C0161,182.75,paiement,US,0
T000914,2023-10-27,C0168,24.42,achat_en_ligne,CN,0
T000915,2023-01-25,C0160,19.71,virement,BR,0
T000916,2023-05-25,C0097,480.76,paiement,DE,0
T000917,2023-01-13,C0002,221.25,paiement,BR,0
T000918,2023-07-31,C0033,353.55,retrait,DE,0
T000919,2023-01-25,C0158,422.36,virement,BR,0
T000920,2023-03-09,C0161,169.62,virement,CN,0
T000921,2023-03-08,C0077,145.73,virement,US,0
T000922,2023-08-21,C0116,112.57,retrait,CN,0
T000923,2023-04-19,C0154,76.24,retrait,IN,0
T000924,2023-05-26,C0150,114.04,retrait,FR,0
T000925,2023-04-21,C0103,297.34,retrait,US,1
T000926,2023-08-16,C0194,184.22,retrait,CN,0
T000927,2023-04-21,C0166,446.1,achat_en_ligne,IN,0
T000928,2023-02-03,C0103,117.17,achat_en_ligne,FR,0
T000929,2023-04-21,C0090,186.83,virement,IN,0
T000930,2023-09-21,C0174,199.56,paiement,DE,0
T000931,2023-08-24,C0122,179.15,virement,DE,0
T000932,2023-03-24,C0143,242.56,paiement,BR,0
T000933,2023-02-11,C0106,54.21,retrait,US,0
T000934,2023-04-11,C0119,143.64,paiement,DE,0
T000935,2023-01-06,C0172,22.01,virement,IN,0
T000936,2023-06-29,C0049,97.07,virement,US,0
T000937,2023-10-09,C0104,133.76,paiement,DE,0
T000938,2023-11-16,C0061,211.24,achat_en_ligne,BR,0
T000939,2023-08-14,C0195,601.28,retrait,CN,0
T000940,2023-11-11,C0123,183.58,retrait,BR,0
T000941,2023-12-31,C0134,272.2,virement,FR,0
T000942,2023-08-17,C0009,141.15,achat_en_ligne,DE,1
T000943,2023-10-16,C0006,201.08,paiement,FR,0
T000944,2023-05-30,C0073,14.71,retrait,FR,0
T000945,2023-10-04,C0103,58.71,achat_en_ligne,IN,0
T000946,2023-07-17,C0160,89.84,retrait,US,0
T000947,2023-03-11,C0041,127.92,achat_en_ligne,IN,0
T000948,2023-04-22,C0114,9.34,achat_en_ligne,DE,0
T000949,2023-01-04,C0008,30.17,virement,FR,1
T000950,2023-12-16,C0072,64.82,retrait,CN,0
T000951,2023-11-27,C0178,711.8,paiement,FR,0
T000952,2023-11-14,C0092,80.5,virement,CN,0
T000953,2023-12-16,C0062,131.57,virement,IN,0
T000954,2023-04-05,C0084,43.66,paiement,IN,0
T000955,2023-06-01,C0062,188.72,virement,US,0
T000956,2023-11-07,C0111,65.89,achat_en_ligne,FR,0
T000957,2023-05-17,C0127,46.38,achat_en_ligne,BR,0
T000958,2023-09-04,C0007,145.37,retrait,IN,0
T000959,2023-08-31,C0084,1.1,retrait,IN,0
T000960,2023-01-31,C0132,1.54,paiement,US,0
T000961,2023-02-09,C0134,49.45,retrait,CN,0
T000962,2023-08-17,C0058,7.48,achat_en_ligne,US,0
T000963,2023-02-05,C0022,22.86,paiement,FR,0
T000964,2023-08-11,C0154,82.76,paiement,DE,0
T000965,2023-01-06,C0127,324.49,retrait,DE,0
T000966,2023-11-18,C0003,169.75,achat_en_ligne,CN,1
T000967,2023-08-08,C0127,143.76,paiement,IN,0
T000968,2023-03-16,C0041,69.48,achat_en_ligne,CN,0
T000969,2023-01-04,C0188,536.93,achat_en_ligne,IN,0
T000970,2023-12-01,C0106,101.17,achat_en_ligne,IN,0
T000971,2023-05-14,C0014,18.22,retrait,DE,0
T000972,2023-04-28,C0012,191.98,virement,CN,0
T000973,2023-04-04,C0087,24.17,virement,US,0
T000974,2023-03-03,C0012,84.69,paiement,IN,0
T000975,2023-07-13,C0141,141.62,achat_en_ligne,BR,1
T000976,2023-12-01,C0025,414.65,retrait,BR,0
T000977,2023-07-22,C0045,136.06,achat_en_ligne,US,0
T000978,2023-01-26,C0122,242.31,achat_en_ligne,BR,0
T000979,2023-06-22,C0147,987.2,retrait,FR,0
T000980,2023-10-27,C0055,28.2,virement,IN,0
T000981,2023-05-13,C0100,64.24,achat_en_ligne,US,0
T000982,2023-11-22,C0173,100.37,achat_en_ligne,CN,0
T000983,2023-04-28,C0136,109.58,virement,IN,0
T000984,2023-11-20,C0119,105.87,retrait,US,0
T000985,2023-10-02,C0053,476.35,paiement,DE,0
T000986,2023-07-31,C0183,250.38,virement,CN,0
T000987,2023-08-13,C0032,187.25,paiement,DE,0
T000988,2023-01-20,C0051,74.03,paiement,IN,0
T000989,2023-04-23,C0044,347.22,virement,CN,0
T000990,2023-05-20,C0082,620.49,achat_en_ligne,BR,0
T000991,2023-02-16,C0198,344.3,paiement,US,0
T000992,2023-01-01,C0146,0.31,paiement,IN,0
T000993,2023-03-31,C0150,202.34,retrait,FR,0
T000994,2023-05-22,C0037,10.5,achat_en_ligne,CN,0
T000995,2023-11-16,C0096,59.58,paiement,CN,0
T000996,2023-02-07,C0056,12.27,retrait,IN,0
T000997,2023-10-20,C0105,185.16,achat_en_ligne,IN,0
T000998,2023-05-19,C0059,232.05,virement,DE,0
T000999,2023-12-22,C0131,24.32,virement,BR,0
T001000,2023-11-29,C0156,96.85,retrait,DE,0
