date,produit,catégorie,montant,client_id
2023-06-13,Smartphone X,Téléphonie,767.84,C0002
2023-03-12,Montre Connectée,Wearables,1902.91,C0015
2023-02-05,Smartphone X,Téléphonie,1472.03,C0044
2023-05-20,Smartphone X,Téléphonie,1209.36,C0038
2023-04-19,Laptop Pro 15,Informatique,337.36,C0002
2023-01-24,Montre Connectée,Wearables,337.31,C0015
2023-05-10,Webcam HD,Accessoires,144.42,C0002
2023-05-24,Montre Connectée,Wearables,1736.37,C0046
2023-06-16,Enceinte Portable,Audio,1214.2,C0027
2023-02-26,"Tablette 10""",Informatique,1424.9,C0038
2023-03-13,Laptop Pro 15,Informatique,70.55,C0049
2023-02-10,Souris Gaming,Accessoires,1940.72,C0022
2023-03-13,Casque Bluetooth,Audio,1669.91,C0014
2023-03-28,Smartphone X,Téléphonie,448.31,C0006
2023-04-08,Smartphone X,Téléphonie,388.2,C0023
2023-03-30,Webcam HD,Accessoires,391.31,C0017
2023-01-12,"Tablette 10""",Informatique,629.36,C0035
2023-02-01,Souris Gaming,Accessoires,1063.77,C0006
2023-05-22,Imprimante Laser,Bureautique,880.93,C0041
2023-06-08,Chaise Ergonomique,Mobilier,603.72,C0037
2023-02-19,Smartphone X,Téléphonie,1235.35,C0003
2023-06-19,Montre Connectée,Wearables,304.8,C0050
2023-03-16,Smartphone X,Téléphonie,605.52,C0015
2023-01-26,Souris Gaming,Accessoires,751.73,C0018
2023-04-27,Chaise Ergonomique,Mobilier,928.46,C0011
2023-04-05,Chaise Ergonomique,Mobilier,1576.8,C0014
2023-06-21,Imprimante Laser,Bureautique,423.36,C0045
2023-06-24,Smartphone X,Téléphonie,1043.04,C0039
2023-06-12,Casque Bluetooth,Audio,1197.06,C0035
2023-03-04,Casque Bluetooth,Audio,121.51,C0030
2023-04-08,Imprimante Laser,Bureautique,1226.86,C0041
2023-06-26,Enceinte Portable,Audio,365.93,C0015
2023-06-25,Chaise Ergonomique,Mobilier,158.15,C0050
2023-01-15,Montre Connectée,Wearables,1899.3,C0003
2023-03-22,Souris Gaming,Accessoires,1932.3,C0018
2023-01-17,Montre Connectée,Wearables,1622.54,C0037
2023-03-22,Montre Connectée,Wearables,630.09,C0042
2023-05-08,Souris Gaming,Accessoires,222.41,C0042
2023-04-28,Casque Bluetooth,Audio,1377.94,C0017
2023-02-05,Montre Connectée,Wearables,897.1,C0048
2023-05-24,Enceinte Portable,Audio,270.42,C0017
2023-05-30,Souris Gaming,Accessoires,1005.5,C0038
2023-04-13,Chaise Ergonomique,Mobilier,97.75,C0015
2023-02-05,Enceinte Portable,Audio,1821.36,C0032
2023-01-24,Laptop Pro 15,Informatique,539.8,C0008
2023-02-09,Casque Bluetooth,Audio,1335.17,C0044
2023-04-19,Webcam HD,Accessoires,644.07,C0005
2023-04-09,Souris Gaming,Accessoires,1054.53,C0039
2023-04-30,Enceinte Portable,Audio,1107.02,C0017
2023-05-22,Laptop Pro 15,Informatique,394.16,C0044
2023-01-30,Enceinte Portable,Audio,1940.08,C0049
2023-03-10,Chaise Ergonomique,Mobilier,1557.01,C0008
2023-03-17,Souris Gaming,Accessoires,1880.81,C0011
2023-04-27,Laptop Pro 15,Informatique,1792.81,C0047
2023-03-09,Enceinte Portable,Audio,1207.86,C0049
2023-02-15,Enceinte Portable,Audio,1846.09,C0007
2023-06-10,Imprimante Laser,Bureautique,204.33,C0041
2023-05-10,Webcam HD,Accessoires,416.09,C0013
2023-02-09,Chaise Ergonomique,Mobilier,119.1,C0049
2023-02-11,Enceinte Portable,Audio,670.9,C0050
2023-05-16,Laptop Pro 15,Informatique,795.69,C0039
2023-03-24,"Tablette 10""",Informatique,564.56,C0002
2023-01-29,Chaise Ergonomique,Mobilier,1662.61,C0020
2023-03-03,Laptop Pro 15,Informatique,732.8,C0016
2023-05-26,Smartphone X,Téléphonie,583.44,C0006
2023-05-05,Smartphone X,Téléphonie,1099.11,C0049
2023-05-17,Casque Bluetooth,Audio,307.62,C0009
2023-06-18,"Tablette 10""",Informatique,1610.33,C0036
2023-02-12,Imprimante Laser,Bureautique,176.86,C0034
2023-06-05,Souris Gaming,Accessoires,1974.17,C0014
2023-05-19,Montre Connectée,Wearables,1551.32,C0046
2023-03-21,Souris Gaming,Accessoires,421.47,C0043
2023-06-16,Chaise Ergonomique,Mobilier,40.88,C0029
2023-05-13,"Tablette 10""",Informatique,1636.46,C0008
2023-03-05,Montre Connectée,Wearables,1422.51,C0005
2023-03-28,Laptop Pro 15,Informatique,1466.14,C0038
2023-05-22,Montre Connectée,Wearables,1549.4,C0038
2023-02-26,Laptop Pro 15,Informatique,175.87,C0005
2023-06-11,Laptop Pro 15,Informatique,736.18,C0015
2023-01-18,Laptop Pro 15,Informatique,258.26,C0022
2023-01-19,Enceinte Portable,Audio,1730.31,C0016
2023-03-13,"Tablette 10""",Informatique,1257.9,C0014
2023-05-19,Casque Bluetooth,Audio,681.87,C0047
2023-05-27,Webcam HD,Accessoires,155.21,C0031
2023-03-04,"Tablette 10""",Informatique,642.64,C0027
2023-02-18,Smartphone X,Téléphonie,670.61,C0007
2023-06-18,Souris Gaming,Accessoires,1467.32,C0023
2023-04-19,Souris Gaming,Accessoires,1285.99,C0030
2023-01-14,Smartphone X,Téléphonie,1777.81,C0004
2023-04-14,Chaise Ergonomique,Mobilier,960.26,C0007
2023-03-05,Montre Connectée,Wearables,265.6,C0013
2023-05-18,"Tablette 10""",Informatique,1435.09,C0009
2023-04-19,Casque Bluetooth,Audio,1528.75,C0018
2023-04-29,Montre Connectée,Wearables,1135.72,C0005
2023-04-24,Enceinte Portable,Audio,1548.81,C0007
2023-01-13,Enceinte Portable,Audio,1002.78,C0001
2023-01-24,Montre Connectée,Wearables,1059.78,C0011
2023-04-15,"Tablette 10""",Informatique,872.26,C0031
2023-02-24,Souris Gaming,Accessoires,80.08,C0004
2023-02-12,Souris Gaming,Accessoires,242.55,C0001
2023-04-10,Imprimante Laser,Bureautique,91.92,C0030
2023-03-15,Souris Gaming,Accessoires,1283.73,C0045
2023-05-23,"Tablette 10""",Informatique,649.28,C0010
2023-02-18,Imprimante Laser,Bureautique,1031.88,C0014
2023-01-15,Webcam HD,Accessoires,1817.91,C0048
2023-05-19,Laptop Pro 15,Informatique,521.11,C0048
2023-03-22,Laptop Pro 15,Informatique,838.45,C0004
2023-05-30,"Tablette 10""",Informatique,1518.44,C0033
2023-05-16,Casque Bluetooth,Audio,480.73,C0004
2023-05-11,Smartphone X,Téléphonie,181.65,C0012
2023-01-18,Webcam HD,Accessoires,600.81,C0005
2023-06-22,Montre Connectée,Wearables,347.61,C0026
2023-01-31,Webcam HD,Accessoires,1861.5,C0016
2023-05-29,Webcam HD,Accessoires,1622.0,C0003
2023-06-08,Smartphone X,Téléphonie,1277.81,C0027
2023-06-18,Webcam HD,Accessoires,1746.78,C0037
2023-05-14,Chaise Ergonomique,Mobilier,1613.23,C0017
2023-02-22,Chaise Ergonomique,Mobilier,397.54,C0016
2023-03-09,Souris Gaming,Accessoires,1788.34,C0009
2023-06-21,Imprimante Laser,Bureautique,1092.5,C0030
2023-03-22,Smartphone X,Téléphonie,1620.66,C0001
2023-04-28,Webcam HD,Accessoires,1795.3,C0037
2023-01-26,Smartphone X,Téléphonie,656.47,C0035
2023-02-24,Enceinte Portable,Audio,246.8,C0017
2023-02-03,Chaise Ergonomique,Mobilier,479.03,C0005
2023-03-04,Chaise Ergonomique,Mobilier,871.4,C0019
2023-02-10,"Tablette 10""",Informatique,1641.49,C0035
2023-06-30,Imprimante Laser,Bureautique,1725.64,C0040
2023-06-17,Enceinte Portable,Audio,43.7,C0001
2023-06-20,Enceinte Portable,Audio,1036.17,C0020
2023-06-19,Smartphone X,Téléphonie,852.3,C0009
2023-03-09,Smartphone X,Téléphonie,467.55,C0007
2023-05-22,Casque Bluetooth,Audio,266.13,C0018
2023-03-14,Webcam HD,Accessoires,695.1,C0014
2023-03-29,Montre Connectée,Wearables,1887.53,C0044
2023-06-12,Imprimante Laser,Bureautique,666.71,C0033
2023-05-06,Imprimante Laser,Bureautique,1052.02,C0004
2023-01-24,Souris Gaming,Accessoires,1414.95,C0018
2023-01-12,Laptop Pro 15,Informatique,746.35,C0022
2023-02-03,Imprimante Laser,Bureautique,1944.41,C0011
2023-04-24,Enceinte Portable,Audio,1926.02,C0046
2023-04-20,Enceinte Portable,Audio,526.01,C0001
2023-01-29,Smartphone X,Téléphonie,1009.58,C0045
2023-02-08,Enceinte Portable,Audio,622.73,C0003
2023-04-05,Webcam HD,Accessoires,591.14,C0036
2023-02-07,Souris Gaming,Accessoires,102.67,C0009
2023-01-11,Imprimante Laser,Bureautique,1230.84,C0024
2023-01-11,Chaise Ergonomique,Mobilier,1020.28,C0014
2023-06-24,Montre Connectée,Wearables,131.41,C0043
2023-01-27,Chaise Ergonomique,Mobilier,578.93,C0050
2023-05-24,Souris Gaming,Accessoires,1819.28,C0040
2023-02-09,Montre Connectée,Wearables,501.94,C0011
2023-02-15,Souris Gaming,Accessoires,315.44,C0002
2023-02-15,Chaise Ergonomique,Mobilier,994.22,C0027
2023-06-21,Montre Connectée,Wearables,1971.73,C0018
2023-02-10,Smartphone X,Téléphonie,506.85,C0025
2023-01-10,"Tablette 10""",Informatique,1354.11,C0015
2023-02-21,"Tablette 10""",Informatique,1530.39,C0023
2023-03-20,Montre Connectée,Wearables,498.15,C0015
2023-01-07,Montre Connectée,Wearables,1464.59,C0026
2023-03-26,Imprimante Laser,Bureautique,754.53,C0005
2023-03-13,Chaise Ergonomique,Mobilier,1275.64,C0042
2023-05-11,Souris Gaming,Accessoires,1278.05,C0044
2023-05-18,Chaise Ergonomique,Mobilier,1085.48,C0002
2023-01-30,Imprimante Laser,Bureautique,207.87,C0012
2023-05-29,Imprimante Laser,Bureautique,1675.55,C0003
2023-01-28,Webcam HD,Accessoires,661.94,C0028
2023-03-30,Chaise Ergonomique,Mobilier,397.44,C0028
2023-06-05,Enceinte Portable,Audio,110.33,C0008
2023-04-09,Webcam HD,Accessoires,1194.06,C0013
2023-03-07,Laptop Pro 15,Informatique,1364.8,C0046
2023-04-22,Laptop Pro 15,Informatique,62.68,C0034
2023-05-18,Montre Connectée,Wearables,1038.82,C0024
2023-04-21,Smartphone X,Téléphonie,476.2,C0043
2023-03-26,Webcam HD,Accessoires,1300.99,C0021
2023-06-19,Smartphone X,Téléphonie,373.5,C0047
2023-03-18,Enceinte Portable,Audio,1391.15,C0020
2023-06-20,Souris Gaming,Accessoires,791.87,C0021
2023-04-14,Imprimante Laser,Bureautique,1875.36,C0036
2023-02-02,Montre Connectée,Wearables,300.92,C0027
2023-06-20,Souris Gaming,Accessoires,701.9,C0044
2023-02-14,Webcam HD,Accessoires,253.54,C0037
2023-03-19,Souris Gaming,Accessoires,1851.65,C0036
2023-01-01,Imprimante Laser,Bureautique,1758.36,C0019
2023-02-23,Souris Gaming,Accessoires,538.15,C0038
2023-06-05,Chaise Ergonomique,Mobilier,1330.17,C0030
2023-04-24,"Tablette 10""",Informatique,1639.93,C0044
2023-02-24,Enceinte Portable,Audio,1123.75,C0031
2023-02-13,Smartphone X,Téléphonie,1073.41,C0019
2023-05-12,Webcam HD,Accessoires,506.45,C0022
2023-01-24,Montre Connectée,Wearables,213.41,C0044
2023-03-21,Montre Connectée,Wearables,1797.52,C0013
2023-02-07,Laptop Pro 15,Informatique,1803.82,C0003
2023-03-04,"Tablette 10""",Informatique,1277.21,C0040
2023-01-19,"Tablette 10""",Informatique,697.89,C0027
2023-06-11,Webcam HD,Accessoires,717.94,C0013
2023-06-28,Souris Gaming,Accessoires,1460.13,C0032
2023-04-13,Montre Connectée,Wearables,1797.31,C0010
2023-06-17,Laptop Pro 15,Informatique,1777.56,C0049
2023-01-28,Souris Gaming,Accessoires,1566.35,C0015
